Genero,Tipo de cliente,Idade,Tipo de viagem,Classe,Distancia de voo,Servico wifi a bordo,Horario de chegada ou partida,Reserva online,Portao embarque,Comida e bebida,Embarque online,Conforto do assento,Entretenimento a bordo,Servico de bordo,Conforto nas pernas,Bagagem de mÃ£o,Check-in,Servico de voo,Limpeza,Atraso na partida,Atraso na chegada,Satisfacao
1,0,52,0,0,160,5,4,3,4,3,4,3,5,5,5,5,2,5,5,50,44.0,Satisfeito
1,0,36,0,2,2863,1,1,3,1,5,4,5,4,4,4,4,3,4,5,0,0.0,Satisfeito
0,0,44,0,2,3377,0,0,0,2,3,4,4,1,1,1,1,3,1,4,0,6.0,Satisfeito
1,0,49,0,0,1182,2,3,4,3,4,1,2,2,2,2,2,4,2,4,0,20.0,Satisfeito
0,0,16,0,0,311,3,3,3,3,5,5,3,5,4,3,1,1,2,5,0,0.0,Satisfeito
1,0,77,0,2,3987,5,5,5,5,3,5,5,5,5,5,5,4,5,3,0,0.0,Satisfeito
1,0,43,0,2,2556,2,2,2,2,4,4,5,4,4,4,4,5,4,3,77,65.0,Satisfeito
0,0,47,0,0,556,5,2,2,2,5,5,5,5,2,2,5,3,3,5,1,0.0,Satisfeito
1,0,46,0,2,1744,2,2,2,2,3,4,4,4,4,4,4,5,4,4,28,14.0,Satisfeito
1,0,47,0,0,1235,4,1,1,1,5,1,5,3,3,4,3,1,3,4,29,19.0,Satisfeito
1,0,46,0,2,1009,5,5,5,5,4,5,5,5,5,5,5,5,5,3,0,0.0,Satisfeito
1,0,60,0,2,451,1,1,4,1,5,5,4,5,5,5,5,3,5,5,117,113.0,Satisfeito
1,0,52,0,2,925,2,2,2,2,5,5,4,4,4,4,4,3,4,5,10,0.0,Satisfeito
0,0,52,1,1,1075,5,4,5,3,4,5,4,4,3,5,5,4,5,4,0,0.0,Satisfeito
1,0,50,0,2,3799,5,5,5,5,4,5,4,4,4,5,4,5,4,5,8,0.0,Satisfeito
0,0,60,0,2,612,4,4,4,4,2,4,5,5,5,5,5,5,5,5,21,49.0,Satisfeito
0,0,25,0,2,1428,4,4,4,4,4,4,4,4,1,5,3,1,5,4,0,0.0,Satisfeito
0,0,24,0,2,3680,4,1,4,4,2,2,2,2,5,5,5,5,4,2,0,0.0,Satisfeito
1,0,22,0,0,1521,4,1,1,1,4,4,4,4,1,4,1,1,5,4,3,13.0,Satisfeito
0,0,44,0,2,1543,3,5,3,3,5,4,5,5,5,5,5,5,5,5,0,0.0,Satisfeito
1,0,56,0,0,308,2,3,3,3,5,2,5,2,2,2,2,2,2,2,0,0.0,Satisfeito
1,0,53,0,0,192,5,2,2,2,3,4,2,5,5,5,5,2,5,4,0,1.0,Satisfeito
1,0,39,0,2,370,3,3,3,3,2,4,5,4,4,4,4,4,4,5,10,12.0,Satisfeito
1,0,55,0,2,3169,1,1,1,1,3,5,4,5,5,5,5,3,5,5,73,68.0,Satisfeito
0,1,24,0,0,725,4,4,4,2,2,4,2,2,4,2,3,1,5,2,0,4.0,Satisfeito
1,0,28,0,2,1024,1,1,1,1,4,4,4,4,5,3,5,5,4,4,0,3.0,Satisfeito
1,0,62,0,0,550,5,1,1,1,4,2,1,5,5,5,5,5,5,2,92,90.0,Satisfeito
1,0,60,0,2,1889,2,2,3,2,3,5,4,5,5,5,5,5,5,3,0,0.0,Satisfeito
1,0,49,0,2,3295,4,4,3,4,2,5,4,5,5,5,5,5,5,3,0,4.0,Satisfeito
0,1,24,0,2,444,4,0,4,2,2,4,2,2,5,3,5,3,5,2,20,32.0,Satisfeito
1,0,53,0,0,520,4,2,2,2,3,3,4,4,4,4,4,3,4,3,17,0.0,Satisfeito
1,0,30,0,2,651,3,3,4,3,5,5,5,5,4,5,4,3,5,5,0,0.0,Satisfeito
0,0,27,0,2,566,3,3,3,3,5,5,5,5,4,3,1,1,1,5,0,0.0,Satisfeito
0,0,44,0,2,158,3,3,3,3,5,4,5,4,4,5,4,4,4,5,66,57.0,Satisfeito
0,0,66,0,0,404,4,1,1,1,4,4,4,4,3,1,3,2,5,4,9,6.0,Satisfeito
1,0,19,0,2,2738,5,5,5,5,3,4,3,3,5,3,3,1,2,3,0,0.0,Satisfeito
1,0,42,0,2,1898,5,5,5,5,5,4,4,5,5,5,5,4,5,3,49,47.0,Satisfeito
1,0,41,0,2,967,2,2,2,2,2,3,5,4,4,4,4,5,4,5,44,40.0,Satisfeito
0,0,44,0,2,366,3,3,2,3,2,5,4,4,4,4,4,3,4,4,5,24.0,Satisfeito
1,0,61,0,2,1585,2,2,3,2,1,1,5,3,3,4,3,4,3,4,24,20.0,Satisfeito
0,0,27,0,2,2729,3,3,3,3,5,5,5,5,4,4,4,5,2,5,44,52.0,Satisfeito
1,0,50,0,2,3696,1,1,5,1,2,4,4,5,5,5,5,4,5,5,9,0.0,Satisfeito
0,0,45,0,2,2580,3,3,3,3,3,4,4,5,5,5,5,3,5,4,0,11.0,Satisfeito
0,0,59,0,2,3358,3,3,3,3,3,5,4,4,4,4,4,4,4,3,0,0.0,Satisfeito
1,0,46,0,2,912,1,1,1,1,2,4,4,4,4,4,4,5,4,4,5,0.0,Satisfeito
0,0,35,0,2,2409,3,3,3,3,1,4,3,4,4,4,4,3,4,3,0,0.0,Satisfeito
1,0,38,1,0,293,4,4,4,4,5,4,5,5,2,2,4,4,4,5,5,0.0,Satisfeito
0,0,50,0,2,2475,5,5,5,5,2,5,4,2,2,2,2,3,2,5,0,0.0,Satisfeito
0,0,54,0,2,2544,5,5,3,5,5,4,5,3,3,3,3,4,3,5,62,66.0,Satisfeito
0,0,56,0,2,2556,4,4,4,4,4,5,4,4,4,4,4,3,4,5,117,113.0,Satisfeito
1,0,32,0,2,2668,5,5,4,5,4,4,4,4,5,2,5,5,5,4,2,0.0,Satisfeito
1,0,45,0,2,2374,5,5,5,5,4,5,4,4,4,4,4,5,4,5,0,0.0,Satisfeito
0,0,27,0,2,3200,1,1,1,1,5,5,5,5,4,5,2,2,1,5,0,0.0,Satisfeito
0,0,31,0,2,1999,4,5,4,4,5,5,5,5,4,4,4,3,4,5,0,4.0,Satisfeito
0,0,25,0,1,680,0,5,0,2,1,0,1,1,3,1,4,5,5,1,0,0.0,Satisfeito
0,0,42,0,2,537,2,2,2,2,1,5,3,5,5,5,5,4,5,3,0,0.0,Satisfeito
1,0,45,0,0,288,5,1,1,1,1,2,3,5,5,5,5,1,5,3,29,40.0,Satisfeito
0,0,37,0,2,2401,2,2,2,2,5,3,1,4,4,4,4,1,4,5,94,86.0,Satisfeito
0,0,38,0,2,2746,2,2,2,2,2,5,2,4,4,4,4,1,4,5,0,0.0,Satisfeito
0,0,40,0,2,2400,4,3,4,4,2,4,5,5,5,5,5,3,5,3,0,0.0,Satisfeito
1,0,41,0,2,3046,5,5,5,5,3,5,5,4,4,4,4,4,4,5,0,0.0,Satisfeito
1,0,48,0,2,491,3,3,3,3,4,4,4,4,4,4,4,3,4,5,0,0.0,Satisfeito
0,1,26,0,2,900,5,5,5,3,1,5,1,1,4,3,5,5,5,1,5,0.0,Satisfeito
0,0,22,0,2,3648,2,2,2,2,3,3,3,3,2,4,3,5,3,3,0,0.0,Satisfeito
1,0,43,0,0,563,4,4,4,4,3,5,5,4,4,4,4,5,4,5,0,0.0,Satisfeito
0,0,56,0,2,3131,1,1,1,1,2,5,4,4,4,4,5,4,4,5,0,0.0,Satisfeito
0,0,59,1,0,351,4,3,4,4,1,4,1,1,1,5,4,2,4,1,0,0.0,Satisfeito
1,0,56,0,2,1189,5,5,3,5,5,4,5,2,2,2,2,4,2,3,9,0.0,Satisfeito
0,0,11,1,0,562,5,5,5,5,3,5,3,3,4,4,5,1,2,3,0,0.0,Satisfeito
1,0,25,0,0,1874,4,3,3,3,4,4,3,4,3,1,4,5,1,4,86,78.0,Satisfeito
1,1,29,0,0,158,4,0,4,1,2,4,2,2,1,5,2,2,2,2,0,0.0,Satisfeito
1,0,48,0,0,95,5,3,3,3,1,2,1,5,5,5,5,1,5,2,0,0.0,Satisfeito
1,0,42,0,2,266,1,1,1,1,4,3,4,4,4,4,4,2,4,1,0,0.0,Satisfeito
0,0,41,0,2,2388,2,2,2,2,5,5,4,4,4,4,4,5,4,5,29,18.0,Satisfeito
0,0,43,0,2,1678,1,1,2,1,3,4,4,2,2,2,2,4,2,5,0,0.0,Satisfeito
0,0,60,0,2,1972,5,5,2,5,4,3,5,5,5,5,5,5,5,3,0,0.0,Satisfeito
1,0,42,1,0,337,4,1,4,3,3,3,3,3,3,4,1,2,3,2,0,0.0,Satisfeito
1,0,42,0,0,212,5,3,3,3,5,3,5,5,5,5,5,5,5,2,82,72.0,Satisfeito
0,0,47,0,2,3556,2,2,2,2,3,5,3,5,5,5,5,3,5,4,0,0.0,Satisfeito
0,1,38,0,2,641,5,5,5,3,2,5,2,2,5,5,4,3,5,2,0,0.0,Satisfeito
1,0,60,0,2,3823,2,2,1,2,4,4,4,5,5,4,5,3,5,3,1,0.0,Satisfeito
0,1,23,0,2,282,4,5,4,1,4,4,4,4,3,3,5,3,4,4,9,1.0,Satisfeito
1,0,38,0,2,2955,3,3,3,3,3,5,5,4,4,4,4,3,4,3,0,0.0,Satisfeito
1,0,40,0,2,2806,1,1,1,1,3,1,5,5,5,5,5,5,5,5,0,4.0,Satisfeito
1,0,61,0,2,2073,3,3,3,3,4,5,4,4,4,4,4,4,4,5,6,0.0,Satisfeito
0,0,46,1,0,895,4,5,4,1,1,4,1,1,2,1,3,3,5,1,40,25.0,Satisfeito
1,0,25,0,2,2533,5,5,5,5,2,2,2,2,5,1,2,1,3,2,0,0.0,Satisfeito
1,0,30,0,1,326,0,0,0,5,2,0,2,2,4,1,3,4,5,2,0,0.0,Satisfeito
0,0,51,0,2,2075,5,5,5,5,2,5,5,5,5,5,5,3,5,3,0,0.0,Satisfeito
1,0,47,0,2,964,5,5,4,5,5,4,5,5,5,5,5,4,5,3,1,3.0,Satisfeito
0,0,54,0,2,3138,1,1,1,1,5,5,4,4,4,4,4,3,4,4,0,0.0,Satisfeito
1,1,20,0,0,337,4,0,4,3,4,4,4,4,3,5,4,4,5,4,0,0.0,Satisfeito
1,0,51,0,2,2344,2,2,2,2,3,4,5,3,3,3,3,3,3,3,0,0.0,Satisfeito
0,1,25,0,2,296,0,0,0,3,2,0,2,2,4,4,4,5,5,2,0,0.0,Satisfeito
1,0,46,0,2,580,3,3,3,3,3,5,4,4,4,4,4,3,4,5,18,16.0,Satisfeito
1,0,61,1,0,1217,0,4,0,1,5,5,5,4,4,0,4,4,4,4,0,0.0,Satisfeito
1,0,61,0,1,384,4,5,5,5,3,3,2,4,4,4,4,3,4,5,96,102.0,Satisfeito
1,0,17,0,2,3170,5,5,5,5,5,5,5,5,1,3,3,1,5,5,16,0.0,Satisfeito
1,1,40,0,2,825,4,4,4,3,5,4,5,5,5,3,4,3,5,5,0,4.0,Satisfeito
0,0,47,0,2,2204,5,5,5,5,4,4,4,2,2,2,2,4,2,3,6,0.0,Satisfeito
1,0,80,0,2,3464,1,1,1,1,2,4,4,4,4,4,4,5,4,4,0,0.0,Satisfeito
1,0,38,1,0,562,5,3,5,3,4,5,4,4,1,1,3,4,3,4,0,0.0,Satisfeito
0,0,31,1,0,404,5,1,5,3,3,5,3,3,4,2,4,4,4,3,0,0.0,Satisfeito
1,0,53,0,2,2560,5,5,5,5,5,4,5,3,3,3,3,3,3,3,0,3.0,Satisfeito
1,0,56,0,1,308,4,2,2,2,5,3,4,4,4,4,4,5,4,2,0,0.0,Satisfeito
1,0,62,0,2,3692,2,2,4,2,3,4,2,4,4,4,4,1,4,2,0,0.0,Satisfeito
0,0,57,0,2,1859,1,1,1,1,2,5,5,4,4,4,4,5,4,5,16,15.0,Satisfeito
1,0,45,0,1,576,4,2,2,2,3,1,3,4,4,4,4,5,4,2,0,0.0,Satisfeito
0,0,55,0,0,1416,5,2,2,2,5,5,5,5,4,3,5,2,5,5,1,0.0,Satisfeito
1,0,9,1,0,715,4,4,4,3,1,4,1,1,5,4,4,4,4,1,11,4.0,Satisfeito
0,0,33,0,2,541,2,2,3,2,4,4,4,4,5,2,5,3,4,4,86,85.0,Satisfeito
0,0,54,0,2,1741,1,1,1,1,4,4,5,4,4,4,4,4,4,3,0,0.0,Satisfeito
0,0,36,0,2,2651,4,4,4,4,3,4,4,5,5,5,5,5,5,3,10,0.0,Satisfeito
0,0,44,1,0,227,4,5,0,1,2,0,2,2,3,4,4,5,5,2,0,0.0,Satisfeito
0,0,59,0,2,2176,2,3,2,2,3,5,2,5,5,5,5,4,5,4,5,0.0,Satisfeito
0,1,20,0,2,271,0,0,0,1,1,0,1,1,5,4,4,4,4,1,0,0.0,Satisfeito
1,0,46,0,2,1522,3,2,3,3,3,5,4,4,4,4,4,3,4,5,0,0.0,Satisfeito
0,0,36,0,0,325,5,5,5,5,5,5,5,5,1,5,3,1,3,5,0,0.0,Satisfeito
1,0,62,0,2,3217,2,2,2,2,5,4,4,4,4,4,4,4,4,5,19,16.0,Satisfeito
0,0,59,0,2,1491,3,3,3,3,2,4,4,3,3,2,3,4,3,3,15,14.0,Satisfeito
0,0,50,0,2,2614,2,2,2,2,5,4,4,2,4,4,2,4,2,4,0,9.0,Satisfeito
1,0,58,0,2,2498,3,3,3,3,4,4,4,5,5,5,5,4,5,3,0,0.0,Satisfeito
1,0,43,0,2,3724,3,3,3,3,4,4,5,5,5,5,5,4,5,3,19,7.0,Satisfeito
0,0,41,0,1,641,5,1,1,1,5,5,5,5,3,4,3,5,5,5,0,0.0,Satisfeito
1,0,55,0,2,2699,2,2,2,2,2,5,4,3,3,3,3,4,3,4,0,3.0,Satisfeito
1,0,49,0,2,679,1,1,1,1,2,5,4,4,4,4,4,2,4,1,51,71.0,Satisfeito
1,0,57,0,2,4817,4,4,4,4,5,5,5,3,3,4,4,5,4,5,0,19.0,Satisfeito
1,0,35,0,2,3833,3,3,3,3,3,2,3,5,5,5,5,4,5,4,0,3.0,Satisfeito
1,0,40,0,2,2559,5,5,5,5,3,5,5,4,4,4,4,3,4,3,0,0.0,Satisfeito
0,0,41,0,0,862,2,2,2,2,2,2,2,2,3,5,2,3,3,2,0,0.0,Satisfeito
1,0,32,0,2,759,2,2,2,2,5,4,5,5,3,5,4,4,4,5,0,0.0,Satisfeito
0,0,41,0,0,772,4,3,3,3,4,4,4,4,2,1,4,4,3,4,0,0.0,Satisfeito
0,0,38,0,0,166,4,3,2,3,4,4,4,4,5,5,4,4,5,4,17,17.0,Satisfeito
0,0,40,0,2,2280,4,4,4,4,3,5,5,5,5,5,5,4,5,5,19,38.0,Satisfeito
0,0,13,1,0,590,5,4,5,2,5,5,5,5,4,4,4,4,4,5,0,0.0,Satisfeito
1,0,44,0,2,1597,2,2,2,2,3,4,4,2,2,2,2,5,2,4,0,5.0,Satisfeito
1,0,30,0,1,814,5,5,5,5,5,5,5,5,3,2,1,2,3,5,0,0.0,Satisfeito
1,0,53,0,2,3276,0,5,0,4,4,5,4,3,3,3,3,5,3,5,0,0.0,Satisfeito
1,0,37,0,2,2567,2,2,4,2,4,4,4,5,5,5,5,3,5,5,0,12.0,Satisfeito
0,0,59,0,2,1598,3,3,3,3,4,3,4,5,5,5,5,3,5,5,0,0.0,Satisfeito
1,0,39,0,2,1399,4,4,2,4,4,4,5,5,5,5,5,3,5,5,16,4.0,Satisfeito
0,0,50,1,1,282,0,4,0,5,4,0,3,4,4,4,4,3,4,4,18,10.0,Satisfeito
0,0,22,0,0,1076,5,1,1,1,5,5,5,5,3,1,2,2,1,5,47,62.0,Satisfeito
0,0,56,0,2,3927,4,4,4,4,5,5,5,4,4,4,4,4,4,4,0,1.0,Satisfeito
0,0,29,1,0,325,4,3,4,4,5,4,5,5,2,5,4,3,4,5,0,0.0,Satisfeito
0,0,42,0,2,3404,5,5,5,5,3,5,4,5,5,5,5,3,5,3,8,0.0,Satisfeito
0,0,56,0,2,2387,4,4,4,4,2,5,4,3,3,4,3,4,3,3,33,21.0,Satisfeito
0,0,27,0,2,192,3,3,3,3,4,4,3,4,2,3,2,1,3,4,0,1.0,Satisfeito
1,0,42,0,2,362,1,1,1,1,4,5,4,5,5,4,5,4,5,5,0,17.0,Satisfeito
1,0,48,0,2,1587,1,1,1,1,5,4,5,4,4,4,4,4,4,3,60,68.0,Satisfeito
0,0,53,0,2,2611,4,5,4,4,4,3,5,4,4,4,4,3,4,4,0,0.0,Satisfeito
1,0,49,0,2,1625,5,5,5,5,4,4,4,5,5,5,5,4,5,5,0,4.0,Satisfeito
0,0,34,0,2,3666,4,4,4,4,5,4,5,5,5,5,5,3,5,3,0,0.0,Satisfeito
1,0,49,0,2,1187,1,1,1,1,3,5,4,3,3,3,3,4,3,3,33,40.0,Satisfeito
1,0,56,0,0,106,5,2,2,2,4,1,2,5,5,5,5,4,5,3,11,4.0,Satisfeito
0,0,46,0,2,235,2,2,2,2,3,5,4,4,4,4,4,3,4,3,24,24.0,Satisfeito
1,0,44,0,0,222,4,1,1,1,2,5,5,3,3,4,3,4,3,3,0,0.0,Satisfeito
1,0,58,0,2,3065,0,5,0,3,4,4,4,2,2,2,2,4,2,3,0,0.0,Satisfeito
1,1,21,0,2,296,4,0,4,4,4,4,5,4,4,3,5,4,4,4,19,12.0,Satisfeito
0,0,39,0,2,337,4,4,4,4,2,5,4,5,5,5,5,4,5,4,5,0.0,Satisfeito
0,0,50,0,2,1363,2,2,2,2,2,2,2,3,5,4,4,2,5,2,238,232.0,Satisfeito
0,0,41,0,2,1620,4,4,4,4,4,5,5,2,2,2,2,5,2,5,7,0.0,Satisfeito
0,0,46,0,0,552,4,4,4,4,4,4,4,4,3,3,2,2,3,4,4,0.0,Satisfeito
0,0,41,0,2,1616,4,4,4,4,5,5,5,4,4,5,4,3,4,5,2,6.0,Satisfeito
1,0,39,0,2,3601,2,2,2,2,4,5,2,4,4,4,4,1,4,3,0,0.0,Satisfeito
1,0,53,0,2,635,2,2,2,2,5,5,5,1,1,2,3,5,3,5,150,156.0,Satisfeito
0,0,25,0,0,646,4,5,5,5,4,4,4,4,3,4,5,5,3,4,13,4.0,Satisfeito
1,0,47,0,2,2609,3,3,3,3,5,4,5,4,4,4,4,5,4,5,0,0.0,Satisfeito
1,0,16,0,2,2442,2,2,2,2,4,4,4,4,3,3,3,5,5,4,0,0.0,Satisfeito
0,0,55,0,2,2896,1,1,1,1,3,5,5,5,5,5,5,4,5,3,2,0.0,Satisfeito
1,0,28,0,2,1537,2,2,2,2,5,5,5,5,5,3,5,4,5,5,0,0.0,Satisfeito
1,0,48,0,2,951,1,1,1,1,5,4,5,3,3,3,3,5,3,3,0,0.0,Satisfeito
0,0,41,0,2,990,4,4,4,4,4,4,5,4,4,4,4,3,4,3,37,38.0,Satisfeito
1,0,59,0,2,2869,5,5,5,5,3,5,4,5,5,5,5,5,5,3,0,1.0,Satisfeito
0,0,48,0,0,425,5,4,4,4,5,5,5,5,4,3,1,5,4,5,0,0.0,Satisfeito
0,0,59,1,0,946,4,2,3,2,1,3,1,1,4,1,3,3,3,1,0,0.0,Satisfeito
1,0,53,0,2,3804,2,2,2,2,5,4,4,5,5,5,5,5,5,3,0,0.0,Satisfeito
1,0,42,0,2,3004,5,5,3,5,3,5,5,5,5,5,5,5,5,4,5,14.0,Satisfeito
0,0,28,0,2,833,3,3,3,3,2,2,2,2,1,1,3,4,1,2,0,0.0,Satisfeito
0,0,60,0,2,2254,3,3,5,3,4,4,4,4,4,4,4,4,4,4,2,0.0,Satisfeito
0,1,39,0,2,444,4,4,4,3,1,4,1,1,5,2,5,4,5,1,12,16.0,Satisfeito
1,0,47,0,0,522,4,5,5,5,3,2,1,4,4,4,4,2,4,2,40,26.0,Satisfeito
0,0,13,0,2,1529,5,5,3,5,4,4,4,4,4,4,5,3,5,4,0,0.0,Satisfeito
1,0,45,0,2,2580,5,5,5,5,2,4,4,5,5,5,5,5,5,5,0,0.0,Satisfeito
0,0,44,0,2,1262,1,1,3,1,3,5,5,4,4,4,4,5,4,4,0,0.0,Satisfeito
1,0,50,0,0,109,5,1,1,1,4,5,1,5,5,5,5,3,5,2,0,11.0,Satisfeito
1,0,27,0,2,2777,5,5,5,5,5,5,5,5,4,1,3,3,2,5,2,0.0,Satisfeito
0,0,16,0,2,2865,2,2,2,2,5,5,5,5,3,2,3,4,5,5,2,0.0,Satisfeito
1,0,30,0,2,2154,3,3,3,3,5,5,5,5,1,1,4,2,4,5,0,0.0,Satisfeito
0,0,50,0,0,2349,4,3,3,3,4,4,4,4,1,2,4,3,4,4,0,0.0,Satisfeito
1,0,53,0,2,2690,3,3,3,3,5,5,5,3,3,4,3,3,3,5,0,0.0,Satisfeito
0,0,47,0,2,1846,2,2,2,2,5,4,4,4,4,4,4,4,4,5,62,55.0,Satisfeito
0,0,42,0,2,2475,1,1,1,1,5,4,4,5,5,5,5,5,5,3,0,0.0,Satisfeito
0,0,38,0,2,2355,2,2,2,2,3,4,3,5,5,5,5,1,5,3,24,0.0,Satisfeito
0,0,41,0,0,77,5,1,1,1,5,5,5,5,2,2,2,1,2,5,0,0.0,Satisfeito
0,0,41,0,2,2563,2,2,2,2,3,5,4,3,3,4,3,3,3,3,0,0.0,Satisfeito
0,0,18,1,0,793,4,4,4,5,3,4,4,3,3,4,5,4,4,3,91,71.0,Satisfeito
1,0,39,0,0,229,5,5,5,5,5,5,5,5,2,3,5,3,2,5,0,0.0,Satisfeito
0,1,28,0,2,319,5,5,5,3,4,5,5,4,5,4,4,3,4,4,0,0.0,Satisfeito
1,0,37,0,2,2571,3,3,3,3,5,4,5,5,5,5,5,4,5,5,0,0.0,Satisfeito
0,0,55,0,2,3934,3,3,3,3,5,5,5,4,4,4,4,4,4,3,0,0.0,Satisfeito
0,0,51,0,2,2704,4,4,4,4,5,5,5,3,4,3,4,5,4,5,60,75.0,Satisfeito
1,0,40,0,2,2334,0,4,1,2,4,1,3,5,5,5,5,3,5,2,0,0.0,Satisfeito
0,0,25,0,2,3848,1,2,1,1,4,4,4,4,1,5,2,1,2,4,0,0.0,Satisfeito
1,0,32,0,1,859,0,0,0,3,3,0,2,3,3,3,4,5,4,3,0,0.0,Satisfeito
0,0,33,0,2,3679,2,2,2,2,5,5,5,5,3,3,5,2,2,5,0,0.0,Satisfeito
0,0,53,0,1,550,3,4,4,4,3,3,3,3,5,1,3,4,3,3,0,0.0,Satisfeito
0,0,62,0,2,3179,1,1,1,1,4,3,4,4,4,4,4,4,4,4,0,0.0,Satisfeito
0,0,57,0,2,2807,1,1,1,1,2,4,4,5,5,5,5,4,5,4,0,7.0,Satisfeito
0,0,34,0,2,3802,0,0,0,4,3,4,1,2,2,2,2,2,2,2,0,0.0,Satisfeito
1,0,48,0,2,2075,4,4,4,4,3,4,4,4,4,4,4,3,4,4,0,0.0,Satisfeito
0,1,24,0,0,834,4,4,4,4,5,4,5,5,1,2,5,3,1,5,14,0.0,Satisfeito
0,0,52,0,2,1778,4,4,4,4,2,5,4,3,3,3,3,5,3,5,4,7.0,Satisfeito
1,0,21,0,2,657,2,2,2,2,5,5,5,5,5,2,4,5,4,5,6,0.0,Satisfeito
0,1,40,0,2,449,4,4,4,2,3,4,3,3,5,4,4,4,4,3,4,0.0,Satisfeito
1,0,40,0,2,544,4,4,4,4,4,4,4,4,4,4,4,4,4,5,0,0.0,Satisfeito
0,0,41,0,2,2556,4,4,4,4,4,3,4,5,5,5,5,4,5,4,0,0.0,Satisfeito
0,0,40,0,2,3034,2,2,3,2,4,5,5,4,4,4,4,4,4,4,8,28.0,Satisfeito
1,0,51,0,2,366,1,1,1,1,3,4,4,4,4,5,4,5,4,4,0,0.0,Satisfeito
0,0,29,0,2,2218,3,3,2,3,3,3,3,3,4,3,5,4,4,3,0,0.0,Satisfeito
0,0,70,1,0,456,0,1,0,4,4,0,4,4,1,4,4,4,4,4,19,45.0,Satisfeito
0,1,26,0,2,1262,0,0,0,3,4,0,3,4,4,2,4,5,4,4,9,0.0,Satisfeito
0,0,41,0,2,3423,3,3,3,3,4,2,4,5,5,5,5,4,5,1,0,0.0,Satisfeito
0,0,60,0,2,493,4,4,4,4,2,4,5,3,3,3,3,3,3,3,0,0.0,Satisfeito
0,0,32,0,2,2187,2,2,2,2,3,4,3,3,4,4,4,4,4,3,0,0.0,Satisfeito
1,0,43,0,2,1750,1,3,1,1,5,5,4,4,4,4,4,4,4,5,0,7.0,Satisfeito
1,0,39,0,2,1747,2,2,2,2,4,4,4,3,4,5,4,4,4,4,132,123.0,Satisfeito
1,0,33,0,2,773,2,2,2,2,4,4,4,2,3,2,2,4,1,4,140,129.0,Satisfeito
0,0,41,0,2,405,1,1,1,1,3,4,5,1,1,2,1,3,1,4,0,5.0,Satisfeito
0,0,31,0,2,1598,5,5,5,5,4,4,4,4,3,4,5,5,4,4,0,0.0,Satisfeito
1,1,39,0,2,201,4,3,3,4,1,3,1,1,2,5,5,3,1,1,0,0.0,Satisfeito
0,0,64,0,2,2475,3,3,3,3,2,4,5,5,5,5,5,3,5,3,4,0.0,Satisfeito
0,0,52,0,2,3935,1,1,1,1,3,5,5,4,4,4,4,3,4,3,0,25.0,Satisfeito
1,0,42,0,0,292,5,2,2,2,5,2,2,5,5,5,5,2,5,5,32,29.0,Satisfeito
1,0,48,0,2,544,2,2,2,2,4,4,5,4,4,5,4,3,4,5,62,46.0,Satisfeito
1,1,23,0,0,271,5,0,5,1,3,5,4,3,4,5,4,5,5,3,62,84.0,Satisfeito
0,0,55,0,2,451,1,1,1,1,4,4,5,4,4,4,4,3,4,3,0,2.0,Satisfeito
0,0,41,0,2,1981,4,4,4,4,4,4,2,5,5,5,5,4,5,4,0,0.0,Satisfeito
0,0,57,0,2,1005,4,4,4,4,5,5,4,5,5,5,5,5,5,5,3,0.0,Satisfeito
1,0,54,0,2,812,4,4,4,4,4,5,4,4,4,4,4,3,4,5,0,0.0,Satisfeito
0,0,36,0,0,190,3,2,2,2,3,4,3,3,1,2,1,2,3,3,0,0.0,Satisfeito
1,0,25,0,2,1197,5,5,3,5,5,5,5,5,2,4,4,1,1,5,0,5.0,Satisfeito
1,0,60,0,2,1056,1,1,5,1,4,4,4,4,2,4,4,4,3,4,214,210.0,Satisfeito
0,0,51,0,2,3236,4,4,4,4,5,4,5,3,3,4,5,3,3,4,0,13.0,Satisfeito
0,0,44,0,2,2764,5,5,5,5,3,5,5,2,2,2,2,4,2,3,8,15.0,Satisfeito
0,1,20,0,2,408,5,0,5,2,3,5,3,3,3,5,5,3,4,3,0,0.0,Satisfeito
1,0,44,0,2,1162,4,4,4,4,4,1,2,4,4,4,4,2,4,2,0,4.0,Satisfeito
1,0,33,0,2,239,1,1,1,1,5,5,1,4,4,4,4,4,4,1,0,0.0,Satisfeito
1,0,60,0,2,1020,4,4,4,4,3,4,4,5,5,5,5,4,5,5,5,0.0,Satisfeito
1,0,24,0,1,1208,4,5,5,5,4,4,4,4,2,2,4,1,4,4,1,0.0,Satisfeito
1,0,50,0,2,1566,4,4,4,4,5,4,4,4,4,4,4,3,4,3,0,0.0,Satisfeito
0,0,19,1,0,445,4,4,2,3,2,2,2,2,1,5,3,1,3,2,2,0.0,Satisfeito
0,0,52,0,2,2590,4,4,4,4,5,5,4,4,4,4,4,5,4,5,0,0.0,Satisfeito
0,0,50,0,2,2136,4,4,4,4,2,4,4,5,5,5,5,5,5,3,1,0.0,Satisfeito
0,1,27,0,2,296,5,5,5,3,2,5,2,2,4,3,5,4,5,2,28,51.0,Satisfeito
0,0,60,0,2,2611,4,4,4,4,4,4,4,4,4,5,4,4,4,4,17,10.0,Satisfeito
0,0,52,0,2,2398,2,2,2,2,2,5,1,4,4,4,4,5,4,5,109,100.0,Satisfeito
0,0,44,0,2,2496,4,4,4,4,2,3,5,4,4,4,4,5,4,3,0,0.0,Satisfeito
1,0,50,0,0,140,5,1,1,1,5,2,3,5,5,5,5,4,5,4,71,58.0,Satisfeito
0,0,40,0,2,3142,4,4,4,4,4,4,4,3,2,4,5,4,4,4,145,147.0,Satisfeito
0,0,46,1,0,602,5,4,5,2,2,5,2,2,4,2,5,5,5,2,0,0.0,Satisfeito
0,1,20,0,2,283,5,0,5,2,5,5,5,5,4,5,5,5,5,5,13,8.0,Satisfeito
0,0,46,0,2,473,1,1,1,1,4,1,4,5,5,5,5,5,5,3,0,0.0,Satisfeito
1,0,46,0,2,2758,4,4,4,4,2,5,1,4,4,4,4,3,4,5,0,0.0,Satisfeito
0,0,56,0,2,3344,0,5,0,1,3,4,4,2,2,2,2,4,2,5,0,2.0,Satisfeito
1,0,55,0,2,3494,5,5,5,5,3,5,5,3,3,3,3,5,3,5,1,0.0,Satisfeito
1,0,48,0,2,2624,3,3,3,3,2,2,1,4,4,4,4,2,4,1,0,0.0,Satisfeito
0,0,42,0,2,307,4,4,4,4,4,5,4,5,5,5,5,3,5,3,19,11.0,Satisfeito
0,0,50,0,2,2633,2,2,2,2,4,5,4,3,3,4,3,5,3,4,0,3.0,Satisfeito
1,0,56,0,2,2139,3,3,3,3,5,5,5,5,5,5,5,3,5,4,38,25.0,Satisfeito
0,0,42,0,0,671,4,1,1,1,4,4,4,4,4,3,1,5,2,4,60,71.0,Satisfeito
1,0,58,0,2,1578,4,4,2,4,4,5,4,4,4,4,4,5,4,4,0,0.0,Satisfeito
1,1,21,0,2,1694,5,0,4,2,2,4,2,2,5,2,3,4,5,2,0,0.0,Satisfeito
1,0,26,1,1,143,4,2,4,4,4,4,4,4,1,3,3,3,3,4,12,2.0,Satisfeito
1,1,24,0,0,255,5,0,4,2,1,4,1,1,5,4,5,5,5,1,0,2.0,Satisfeito
1,1,38,0,0,279,4,0,4,3,5,4,4,5,3,5,2,4,5,5,10,0.0,Satisfeito
1,0,38,0,2,1884,1,1,1,1,5,2,5,4,4,5,4,4,4,5,0,0.0,Satisfeito
0,0,58,0,2,849,5,5,5,5,5,5,4,4,4,4,4,4,4,4,0,0.0,Satisfeito
1,0,55,0,2,3136,4,4,4,4,5,4,4,4,4,4,4,4,4,3,56,61.0,Satisfeito
1,0,47,0,2,2133,5,5,1,5,2,3,4,4,4,4,4,5,4,5,26,18.0,Satisfeito
0,0,52,0,2,3925,5,5,5,5,4,3,4,3,3,3,3,2,3,4,0,0.0,Satisfeito
0,0,33,0,0,157,5,5,5,5,5,5,5,5,2,3,3,2,2,5,30,49.0,Satisfeito
0,0,29,0,2,2778,2,2,2,2,4,4,4,4,4,4,4,4,4,4,114,95.0,Satisfeito
0,0,57,0,2,3882,5,5,5,5,4,4,5,4,4,4,4,3,4,3,1,0.0,Satisfeito
1,0,46,0,2,2556,2,2,2,2,5,5,5,3,5,3,4,5,3,5,4,10.0,Satisfeito
1,0,39,0,2,209,5,5,5,5,2,4,5,4,4,4,3,1,4,1,0,2.0,Satisfeito
1,0,62,1,0,936,0,3,0,3,1,2,1,3,3,0,3,4,3,3,0,0.0,Satisfeito
1,1,24,0,0,247,4,5,4,5,5,4,5,5,5,5,4,5,4,5,5,0.0,Satisfeito
1,0,55,0,2,2187,0,4,0,2,4,4,5,4,3,2,5,5,2,5,277,275.0,Satisfeito
1,1,22,0,0,522,5,0,5,5,4,5,4,4,5,2,5,5,4,4,0,0.0,Satisfeito
0,0,44,0,2,3548,4,1,4,4,5,5,4,4,4,5,4,5,4,4,0,8.0,Satisfeito
1,0,17,0,0,944,5,4,4,4,5,5,3,5,3,1,4,1,2,5,0,0.0,Satisfeito
1,0,49,0,2,2234,1,1,1,1,4,5,5,2,2,2,2,3,2,3,0,0.0,Satisfeito
0,0,64,0,1,179,5,3,4,3,5,5,5,5,3,2,5,5,3,5,0,0.0,Satisfeito
1,0,22,0,2,2317,2,2,2,2,4,4,4,4,5,5,4,3,5,4,3,9.0,Satisfeito
1,0,45,0,2,1754,3,3,3,3,5,4,5,3,3,2,3,4,3,5,0,0.0,Satisfeito
1,0,74,0,2,200,3,3,3,3,5,4,5,4,4,4,4,3,4,5,18,79.0,Satisfeito
1,0,59,0,2,594,5,5,3,5,5,5,4,4,4,4,4,3,4,5,0,0.0,Satisfeito
1,0,47,0,2,1561,5,5,5,5,3,4,5,4,4,4,4,4,4,4,0,0.0,Satisfeito
1,0,36,0,2,1663,5,3,5,5,4,4,5,3,3,3,3,3,3,3,0,0.0,Satisfeito
0,1,20,0,0,192,2,0,2,4,2,2,2,2,4,1,3,2,2,2,0,0.0,Neutro ou Insatisfeito
1,0,33,0,2,325,2,5,5,5,1,3,4,2,2,2,2,3,2,4,18,7.0,Neutro ou Insatisfeito
0,0,50,1,0,83,3,4,0,3,2,0,2,2,4,2,4,4,5,2,5,2.0,Neutro ou Insatisfeito
1,0,31,0,0,728,2,5,5,5,2,2,2,2,4,3,3,4,3,2,2,0.0,Neutro ou Insatisfeito
1,0,43,1,0,1927,3,4,3,1,4,4,5,5,5,3,5,4,5,3,0,0.0,Neutro ou Insatisfeito
0,0,43,1,0,1437,3,4,3,4,2,3,2,2,4,2,4,4,5,2,0,0.0,Neutro ou Insatisfeito
0,0,55,1,0,302,1,2,4,3,4,4,4,4,1,3,2,4,3,4,0,0.0,Neutro ou Insatisfeito
1,1,30,0,0,528,4,3,5,3,2,5,2,2,3,2,3,4,4,2,0,0.0,Neutro ou Insatisfeito
0,0,62,1,0,710,3,5,3,4,2,3,2,2,3,5,5,4,4,2,0,0.0,Neutro ou Insatisfeito
0,0,51,0,0,235,4,3,3,3,4,4,4,4,3,2,3,3,4,4,0,0.0,Neutro ou Insatisfeito
0,0,43,1,2,1235,1,5,1,1,1,1,4,3,3,1,5,4,3,5,0,0.0,Neutro ou Insatisfeito
0,1,41,0,0,624,2,3,2,4,5,2,5,5,4,3,3,1,4,5,0,0.0,Neutro ou Insatisfeito
0,0,22,1,0,1846,4,5,4,4,5,4,5,5,5,4,4,4,4,5,40,68.0,Neutro ou Insatisfeito
0,0,12,1,0,674,3,4,3,1,1,3,1,1,3,3,5,4,4,1,80,70.0,Neutro ou Insatisfeito
1,1,32,0,2,802,4,4,4,2,2,4,4,2,4,2,4,3,5,2,0,10.0,Neutro ou Insatisfeito
1,0,40,1,0,628,1,4,1,3,5,1,5,5,3,2,5,5,4,5,4,0.0,Neutro ou Insatisfeito
1,1,42,0,2,373,3,3,3,5,4,3,4,4,3,2,5,5,5,4,0,0.0,Neutro ou Insatisfeito
0,0,22,0,2,277,3,3,3,3,3,3,3,1,5,4,3,3,2,3,116,177.0,Neutro ou Insatisfeito
1,0,36,0,1,267,2,3,3,3,2,2,2,2,1,1,3,4,4,2,59,55.0,Neutro ou Insatisfeito
1,0,59,1,0,460,2,5,2,5,3,3,4,5,5,2,4,1,5,2,4,2.0,Neutro ou Insatisfeito
1,0,44,1,0,1205,2,4,2,3,4,4,3,4,4,2,4,2,4,2,0,0.0,Neutro ou Insatisfeito
1,0,58,1,1,990,3,5,2,3,3,4,5,1,1,2,1,5,1,3,0,0.0,Neutro ou Insatisfeito
0,0,56,0,0,321,2,3,4,3,2,2,2,2,2,5,3,3,3,2,0,0.0,Neutro ou Insatisfeito
0,1,27,0,2,764,3,3,3,2,2,3,2,2,2,1,3,3,2,2,30,46.0,Neutro ou Insatisfeito
1,0,67,1,0,626,3,4,3,1,2,4,5,3,3,3,3,3,3,5,0,0.0,Neutro ou Insatisfeito
1,0,32,1,0,130,3,0,3,3,4,3,5,4,2,2,4,5,3,4,3,4.0,Neutro ou Insatisfeito
0,1,36,0,0,331,2,0,2,1,1,2,1,1,4,3,4,1,3,1,0,0.0,Neutro ou Insatisfeito
1,0,70,1,0,1829,1,4,1,1,2,5,5,5,5,1,5,4,5,3,0,0.0,Neutro ou Insatisfeito
1,0,55,1,0,646,3,2,3,4,4,3,4,5,5,3,5,4,5,3,0,3.0,Neutro ou Insatisfeito
1,0,53,1,1,964,1,5,1,2,4,4,5,4,4,1,4,5,4,4,6,0.0,Neutro ou Insatisfeito
0,0,22,0,2,1660,2,2,2,2,2,2,2,2,4,3,2,2,4,2,0,0.0,Neutro ou Insatisfeito
1,0,69,1,0,872,2,3,2,2,4,2,3,5,5,2,5,3,5,3,14,0.0,Neutro ou Insatisfeito
1,0,53,1,2,1242,3,4,3,5,3,3,5,1,1,3,1,4,1,4,3,0.0,Neutro ou Insatisfeito
0,0,35,0,2,1042,3,2,2,2,2,4,3,3,3,3,3,3,3,2,0,0.0,Neutro ou Insatisfeito
1,0,54,1,2,153,3,5,3,5,2,4,5,2,2,3,2,4,2,5,0,0.0,Neutro ou Insatisfeito
1,1,26,0,1,913,1,2,2,2,4,2,3,4,3,2,1,1,4,4,0,0.0,Neutro ou Insatisfeito
1,0,44,1,0,528,2,5,2,3,2,5,4,5,5,2,5,3,5,3,0,0.0,Neutro ou Insatisfeito
1,1,24,0,0,1172,2,3,3,2,5,3,5,5,4,5,5,4,5,5,28,27.0,Neutro ou Insatisfeito
1,0,54,1,0,999,2,4,2,4,4,5,5,5,5,2,5,5,5,4,0,0.0,Neutro ou Insatisfeito
0,0,42,0,1,489,2,2,2,2,2,2,2,2,4,3,3,1,2,2,0,0.0,Neutro ou Insatisfeito
0,1,36,0,0,692,1,1,1,4,1,1,1,1,1,5,3,1,2,1,0,0.0,Neutro ou Insatisfeito
1,0,50,1,0,140,2,4,2,4,4,4,5,2,2,2,2,3,2,5,0,0.0,Neutro ou Insatisfeito
0,0,55,0,2,1400,3,5,5,5,4,3,2,3,3,3,3,1,3,4,1,0.0,Neutro ou Insatisfeito
0,1,21,0,0,447,2,2,1,4,1,1,1,1,4,4,3,4,3,1,7,0.0,Neutro ou Insatisfeito
1,0,31,1,2,334,2,1,2,4,5,2,5,5,2,4,3,2,4,5,5,0.0,Neutro ou Insatisfeito
1,1,37,0,0,158,1,2,1,3,1,1,1,1,1,4,3,4,3,1,24,20.0,Neutro ou Insatisfeito
1,0,21,1,0,846,1,4,1,3,3,1,3,3,5,4,5,4,5,3,9,17.0,Neutro ou Insatisfeito
1,0,53,0,0,329,1,0,0,3,1,3,3,4,4,1,4,4,4,1,0,0.0,Neutro ou Insatisfeito
1,1,42,0,0,84,3,5,3,1,5,3,5,5,5,5,3,5,4,5,0,34.0,Neutro ou Insatisfeito
1,0,54,0,0,308,2,1,4,4,5,3,3,2,2,2,2,4,2,1,83,95.0,Neutro ou Insatisfeito
1,0,52,1,1,406,3,4,3,1,2,5,4,2,2,3,2,3,2,4,0,0.0,Neutro ou Insatisfeito
1,0,38,1,0,397,2,5,2,2,5,2,5,5,5,4,4,5,5,5,0,0.0,Neutro ou Insatisfeito
1,0,41,1,0,545,2,2,2,3,4,2,4,4,1,3,4,1,4,4,0,0.0,Neutro ou Insatisfeito
1,1,40,0,2,2419,2,2,2,3,4,2,4,4,3,2,3,3,5,4,0,0.0,Neutro ou Insatisfeito
1,1,36,0,0,1061,2,2,2,1,4,2,4,4,1,4,2,4,2,4,13,0.0,Neutro ou Insatisfeito
0,0,67,1,0,899,2,5,2,2,2,2,2,2,5,2,4,5,5,2,0,0.0,Neutro ou Insatisfeito
1,0,50,1,0,1085,3,5,3,2,5,5,5,5,5,3,5,3,5,4,0,0.0,Neutro ou Insatisfeito
0,0,38,1,0,237,3,4,3,4,2,3,2,2,3,3,4,4,3,2,0,2.0,Neutro ou Insatisfeito
1,0,7,1,0,1120,3,5,3,3,2,3,2,2,4,4,4,5,5,2,16,13.0,Neutro ou Insatisfeito
0,0,45,0,0,1660,4,1,1,1,4,4,4,4,2,5,2,4,3,4,0,7.0,Neutro ou Insatisfeito
0,1,25,0,0,1310,2,2,2,4,3,2,3,3,1,4,3,1,4,3,0,24.0,Neutro ou Insatisfeito
0,0,34,1,0,209,3,4,0,1,1,0,1,1,1,5,5,2,3,1,0,0.0,Neutro ou Insatisfeito
0,0,20,1,1,305,3,4,3,3,1,3,1,1,3,3,4,4,5,1,5,2.0,Neutro ou Insatisfeito
1,1,36,0,0,247,2,1,2,3,1,2,1,1,4,1,3,1,2,1,16,6.0,Neutro ou Insatisfeito
0,1,36,0,0,338,3,4,3,4,2,3,2,2,3,4,3,1,3,2,0,0.0,Neutro ou Insatisfeito
0,0,40,1,0,1368,3,4,2,4,3,2,3,3,4,2,3,3,4,3,0,0.0,Neutro ou Insatisfeito
0,0,59,1,2,639,2,1,2,3,4,3,3,3,3,2,3,2,3,1,0,11.0,Neutro ou Insatisfeito
0,0,34,1,0,201,3,5,3,3,2,3,5,2,5,2,1,3,1,2,3,8.0,Neutro ou Insatisfeito
1,0,22,1,0,213,3,5,3,4,3,3,1,3,1,5,1,3,2,3,0,17.0,Neutro ou Insatisfeito
0,0,21,1,0,1096,2,2,2,4,2,2,3,2,3,1,3,2,4,2,0,0.0,Neutro ou Insatisfeito
0,0,26,0,2,1680,3,1,1,1,3,3,3,3,1,2,4,2,3,3,27,10.0,Neutro ou Insatisfeito
1,0,17,1,0,89,3,4,3,1,5,3,3,5,3,4,5,5,5,5,0,0.0,Neutro ou Insatisfeito
0,0,15,1,1,192,2,4,2,3,5,2,5,5,5,4,5,5,5,5,5,8.0,Neutro ou Insatisfeito
1,0,53,1,0,404,3,3,3,4,4,4,4,5,5,3,5,1,5,2,0,0.0,Neutro ou Insatisfeito
0,1,39,0,2,546,4,4,4,4,2,4,2,2,3,5,5,3,4,2,93,88.0,Neutro ou Insatisfeito
1,1,28,0,1,599,2,2,2,3,4,2,4,4,3,3,3,1,3,4,0,46.0,Neutro ou Insatisfeito
1,1,27,0,2,2342,3,3,3,4,2,3,2,2,4,3,5,3,5,2,10,0.0,Neutro ou Insatisfeito
1,0,7,1,0,516,2,4,2,3,5,2,5,5,5,4,5,5,4,5,0,0.0,Neutro ou Insatisfeito
0,1,48,0,2,759,3,3,3,2,2,3,2,2,4,2,5,4,5,2,2,1.0,Neutro ou Insatisfeito
0,0,13,0,0,1400,2,1,1,1,2,1,2,2,4,3,3,3,4,2,0,0.0,Neutro ou Insatisfeito
1,0,49,1,0,134,3,3,3,3,5,3,3,4,4,3,4,1,4,4,8,3.0,Neutro ou Insatisfeito
1,0,53,0,2,3769,3,1,5,1,1,3,1,2,4,3,4,1,2,1,180,178.0,Neutro ou Insatisfeito
1,0,69,1,0,631,3,5,2,5,3,3,4,5,5,2,5,1,5,1,0,0.0,Neutro ou Insatisfeito
0,1,15,0,0,449,1,4,1,2,3,1,4,3,1,3,5,4,5,3,0,0.0,Neutro ou Insatisfeito
1,1,49,0,2,1416,3,4,4,2,2,3,2,2,4,2,5,5,4,2,0,0.0,Neutro ou Insatisfeito
1,0,8,1,0,253,3,3,3,1,4,3,4,4,5,5,2,4,3,4,0,0.0,Neutro ou Insatisfeito
0,1,18,0,1,342,1,1,1,3,3,1,3,3,2,1,4,1,3,3,32,41.0,Neutro ou Insatisfeito
1,1,27,0,0,191,4,4,4,4,5,4,5,5,2,1,3,2,3,5,16,12.0,Neutro ou Insatisfeito
1,0,67,1,1,693,3,1,3,1,5,1,2,1,1,3,1,1,1,4,100,91.0,Neutro ou Insatisfeito
1,1,20,0,0,471,4,5,4,4,3,4,3,3,4,3,4,5,4,3,0,0.0,Neutro ou Insatisfeito
0,1,25,0,2,544,3,5,3,1,2,3,2,2,4,2,5,4,4,2,0,0.0,Neutro ou Insatisfeito
0,0,19,1,0,587,3,4,3,5,1,3,1,1,5,3,5,4,4,1,0,0.0,Neutro ou Insatisfeito
0,0,44,1,0,1249,3,4,3,3,5,3,5,5,5,2,3,4,4,5,25,6.0,Neutro ou Insatisfeito
1,0,22,1,0,284,3,5,3,1,3,3,3,3,4,5,5,3,5,3,34,35.0,Neutro ou Insatisfeito
1,1,8,0,0,946,2,2,2,2,3,2,3,3,1,5,3,4,3,3,2,0.0,Neutro ou Insatisfeito
1,0,45,0,2,3947,3,4,4,4,3,4,4,3,3,3,3,4,3,3,25,16.0,Neutro ou Insatisfeito
1,0,54,0,2,1634,3,2,5,2,4,4,4,3,3,3,3,3,3,1,90,77.0,Neutro ou Insatisfeito
0,0,62,1,0,588,2,1,1,2,1,1,1,1,1,4,3,2,3,1,0,0.0,Neutro ou Insatisfeito
1,0,32,1,0,641,3,4,3,2,2,3,2,2,4,5,4,5,4,2,0,0.0,Neutro ou Insatisfeito
1,0,65,1,0,581,4,4,4,2,4,4,4,1,1,4,1,4,1,5,1,3.0,Neutro ou Insatisfeito
0,1,40,0,2,223,2,2,2,4,2,2,2,2,4,4,4,3,5,2,0,0.0,Neutro ou Insatisfeito
1,0,67,1,0,599,3,1,3,2,1,1,2,3,3,3,3,2,3,1,0,0.0,Neutro ou Insatisfeito
1,0,38,0,0,599,1,4,4,4,1,1,1,1,2,3,3,3,3,1,8,0.0,Neutro ou Insatisfeito
1,0,57,1,0,251,1,5,0,5,3,2,3,1,1,0,3,5,1,3,0,4.0,Neutro ou Insatisfeito
0,0,13,1,0,1119,1,5,1,3,2,1,2,2,3,4,4,5,5,2,0,0.0,Neutro ou Insatisfeito
1,0,45,0,2,759,2,2,2,2,2,2,1,2,2,2,2,3,2,4,23,94.0,Neutro ou Insatisfeito
1,0,39,1,0,1005,1,4,2,3,2,1,5,5,2,4,5,5,4,5,168,163.0,Neutro ou Insatisfeito
0,0,53,0,0,359,1,3,3,3,1,1,1,1,1,2,3,4,4,1,0,0.0,Neutro ou Insatisfeito
0,0,16,1,0,2586,3,5,3,4,4,3,4,4,5,2,4,5,4,4,45,42.0,Neutro ou Insatisfeito
1,0,44,0,2,2903,2,1,1,1,2,3,3,2,2,2,2,3,2,1,0,1.0,Neutro ou Insatisfeito
1,0,50,0,0,1276,2,2,2,2,4,2,3,2,2,2,2,1,2,1,35,49.0,Neutro ou Insatisfeito
0,0,59,0,2,1199,4,2,2,2,5,4,4,4,4,4,4,3,4,1,0,15.0,Neutro ou Insatisfeito
1,0,22,0,2,1968,4,4,4,4,4,4,4,4,1,2,3,4,4,4,0,0.0,Neutro ou Insatisfeito
1,0,48,1,0,362,4,4,5,3,2,4,5,3,3,5,3,5,3,4,0,0.0,Neutro ou Insatisfeito
0,1,38,0,2,1562,3,3,3,5,2,3,2,2,5,2,5,3,4,2,2,25.0,Neutro ou Insatisfeito
0,0,64,1,0,129,1,0,1,2,1,1,1,1,3,2,5,4,4,1,13,9.0,Neutro ou Insatisfeito
0,0,67,1,0,591,2,4,2,3,5,2,3,5,4,4,4,3,5,5,0,0.0,Neutro ou Insatisfeito
1,1,27,0,0,986,2,1,1,3,1,2,1,1,1,5,1,1,3,1,24,32.0,Neutro ou Insatisfeito
1,1,25,0,0,1024,1,1,1,3,5,1,5,5,1,4,4,1,4,5,13,11.0,Neutro ou Insatisfeito
1,0,52,0,0,919,3,4,4,4,3,2,2,3,3,3,3,1,3,1,85,72.0,Neutro ou Insatisfeito
1,1,23,0,0,423,3,3,3,3,1,3,1,1,2,2,3,3,3,1,6,13.0,Neutro ou Insatisfeito
0,0,53,0,2,1464,3,2,2,2,5,4,4,3,3,3,3,3,3,3,0,0.0,Neutro ou Insatisfeito
0,1,64,0,2,293,3,3,3,3,3,3,3,3,4,4,4,4,4,3,3,0.0,Neutro ou Insatisfeito
1,1,8,0,0,2092,2,3,3,3,4,2,4,4,4,3,3,3,3,4,26,23.0,Neutro ou Insatisfeito
0,0,34,1,0,1053,4,4,4,1,3,4,3,3,3,2,5,3,5,3,34,15.0,Neutro ou Insatisfeito
0,0,59,1,0,2521,1,1,1,3,1,3,5,2,3,3,2,5,2,5,0,2.0,Neutro ou Insatisfeito
1,0,13,0,2,2544,3,1,3,3,3,3,3,3,4,3,4,3,3,3,0,0.0,Neutro ou Insatisfeito
0,0,44,1,0,158,4,4,4,2,2,4,2,2,2,5,1,4,5,2,0,0.0,Neutro ou Insatisfeito
1,0,11,1,0,760,3,5,3,1,5,3,5,5,3,5,5,4,4,5,102,88.0,Neutro ou Insatisfeito
1,0,32,1,0,1036,1,5,1,2,5,1,5,5,5,5,5,5,4,5,12,9.0,Neutro ou Insatisfeito
0,0,42,0,0,2586,1,3,3,3,1,1,1,3,5,2,3,1,4,1,0,0.0,Neutro ou Insatisfeito
1,1,27,0,0,1081,1,1,1,4,2,1,2,2,1,5,3,3,1,2,4,0.0,Neutro ou Insatisfeito
0,0,33,1,0,646,2,4,2,3,3,2,3,3,4,1,3,2,5,3,1,0.0,Neutro ou Insatisfeito
1,0,28,0,2,308,1,3,3,3,1,1,1,1,3,3,3,3,3,1,0,0.0,Neutro ou Insatisfeito
0,1,49,0,0,1754,3,3,3,3,4,3,5,4,1,4,3,4,4,4,33,28.0,Neutro ou Insatisfeito
1,0,29,1,0,331,3,4,3,4,3,3,3,3,5,4,2,2,4,3,0,0.0,Neutro ou Insatisfeito
1,1,41,0,2,371,2,2,2,1,1,2,1,1,4,4,2,1,1,1,35,30.0,Neutro ou Insatisfeito
0,0,7,1,0,727,1,5,1,3,4,1,4,4,4,1,1,5,4,4,0,0.0,Neutro ou Insatisfeito
1,0,65,1,2,1249,3,5,3,2,4,4,4,3,3,3,3,4,3,5,40,44.0,Neutro ou Insatisfeito
1,0,20,0,0,951,2,3,3,3,2,2,4,2,3,5,3,1,4,2,57,41.0,Neutro ou Insatisfeito
1,0,45,1,1,545,2,5,2,2,4,1,1,2,2,2,4,4,2,3,14,20.0,Neutro ou Insatisfeito
0,0,46,1,1,1838,1,5,1,3,5,1,5,5,3,2,5,4,5,5,0,0.0,Neutro ou Insatisfeito
0,1,26,0,2,280,2,2,2,2,2,2,2,2,2,3,2,2,3,2,0,6.0,Neutro ou Insatisfeito
1,0,50,1,0,488,3,5,3,1,3,4,5,5,5,3,5,5,5,3,0,0.0,Neutro ou Insatisfeito
0,0,38,1,2,1237,3,4,3,1,4,3,4,5,5,3,5,5,5,5,6,0.0,Neutro ou Insatisfeito
1,1,38,0,0,1062,1,1,1,2,3,1,3,3,4,1,4,5,3,3,0,0.0,Neutro ou Insatisfeito
0,1,33,0,2,423,4,4,4,3,4,4,4,4,3,2,4,5,5,4,0,5.0,Neutro ou Insatisfeito
1,1,37,0,1,373,4,4,4,4,3,4,3,3,4,4,1,1,1,3,0,0.0,Neutro ou Insatisfeito
1,0,52,1,0,2279,2,5,2,3,2,4,2,5,3,4,5,2,4,2,17,79.0,Neutro ou Insatisfeito
1,0,14,1,0,666,3,3,3,2,3,1,1,4,2,1,5,1,4,1,243,251.0,Neutro ou Insatisfeito
0,0,11,1,0,2338,2,4,2,3,2,1,1,3,2,4,5,1,4,1,152,151.0,Neutro ou Insatisfeito
0,0,12,1,0,946,1,3,1,5,2,1,2,2,1,3,2,2,3,2,0,0.0,Neutro ou Insatisfeito
1,1,45,0,2,1011,3,2,2,5,4,3,4,4,4,3,4,4,5,4,0,0.0,Neutro ou Insatisfeito
0,1,21,0,0,257,2,0,2,4,5,2,1,5,1,5,1,4,5,5,0,1.0,Neutro ou Insatisfeito
1,0,31,0,0,164,2,3,3,3,2,2,2,2,3,3,3,1,3,2,0,0.0,Neutro ou Insatisfeito
1,0,66,0,2,2264,3,5,4,5,5,4,4,3,3,3,3,2,3,4,0,0.0,Neutro ou Insatisfeito
0,0,44,1,0,1024,3,1,3,3,4,3,4,4,1,1,4,3,3,4,2,0.0,Neutro ou Insatisfeito
1,0,39,1,0,889,2,5,2,3,3,2,3,3,3,3,4,3,4,3,38,30.0,Neutro ou Insatisfeito
0,1,29,0,2,1009,2,2,2,4,3,2,3,3,3,5,4,5,4,3,0,0.0,Neutro ou Insatisfeito
0,0,38,0,0,198,4,5,5,5,4,4,4,4,3,4,4,4,3,4,42,65.0,Neutro ou Insatisfeito
0,0,19,1,0,873,1,0,1,3,4,1,4,4,3,4,4,3,5,4,57,65.0,Neutro ou Insatisfeito
0,0,22,1,0,1145,3,5,3,1,4,3,4,4,5,2,4,5,5,4,0,10.0,Neutro ou Insatisfeito
0,0,39,1,0,507,3,5,4,2,4,4,4,4,5,5,4,3,5,4,0,0.0,Neutro ou Insatisfeito
1,1,21,0,0,972,2,2,2,3,4,2,4,4,5,4,5,3,5,4,0,0.0,Neutro ou Insatisfeito
1,0,64,1,0,651,4,5,4,4,2,4,4,2,2,4,2,3,2,5,0,0.0,Neutro ou Insatisfeito
1,0,49,1,0,342,3,4,3,2,4,4,4,4,4,3,4,3,4,5,0,0.0,Neutro ou Insatisfeito
0,0,23,1,1,361,2,4,3,2,3,3,3,3,5,5,4,4,5,3,0,0.0,Neutro ou Insatisfeito
0,0,50,0,2,3511,3,5,3,5,1,1,1,3,3,3,3,4,3,3,0,29.0,Neutro ou Insatisfeito
0,0,51,1,1,927,1,4,1,3,2,1,5,2,3,5,4,4,4,2,0,0.0,Neutro ou Insatisfeito
0,0,25,1,0,965,2,5,2,1,2,2,2,2,4,4,4,4,5,2,0,0.0,Neutro ou Insatisfeito
1,0,68,1,1,936,3,4,3,1,4,4,5,5,5,3,5,4,5,4,0,0.0,Neutro ou Insatisfeito
1,0,10,1,0,1558,2,4,2,2,1,2,1,1,3,2,3,4,4,1,91,93.0,Neutro ou Insatisfeito
0,0,61,1,2,680,4,4,4,1,3,4,4,1,1,4,2,4,1,3,2,0.0,Neutro ou Insatisfeito
1,0,18,1,1,641,3,4,3,1,4,3,1,4,2,1,1,2,4,4,13,1.0,Neutro ou Insatisfeito
1,0,58,0,2,3736,2,1,1,1,2,2,2,2,2,3,2,2,2,3,52,41.0,Neutro ou Insatisfeito
0,0,64,1,0,1024,4,4,4,2,4,4,4,4,3,2,5,5,4,4,12,5.0,Neutro ou Insatisfeito
0,0,66,1,2,685,2,4,2,1,5,4,5,3,3,2,3,5,3,4,0,0.0,Neutro ou Insatisfeito
1,0,43,0,1,189,1,2,2,2,4,3,3,1,1,1,1,4,1,2,13,11.0,Neutro ou Insatisfeito
1,0,31,0,0,646,3,4,5,5,3,3,3,3,1,5,4,4,3,3,0,0.0,Neutro ou Insatisfeito
1,0,53,1,0,404,4,4,4,4,5,4,5,3,3,4,5,5,3,5,21,13.0,Neutro ou Insatisfeito
1,1,20,0,0,317,3,4,3,3,3,3,3,3,4,1,3,4,4,3,23,14.0,Neutro ou Insatisfeito
0,1,46,0,0,1892,3,3,3,3,2,3,2,2,3,4,4,4,3,2,0,0.0,Neutro ou Insatisfeito
0,0,10,1,0,612,3,4,2,3,1,2,1,1,2,5,3,5,3,1,0,0.0,Neutro ou Insatisfeito
0,0,32,1,0,1357,3,3,2,3,5,2,5,5,2,5,4,4,3,5,4,0.0,Neutro ou Insatisfeito
1,0,14,1,0,237,2,4,2,4,2,2,2,2,3,5,5,4,5,2,3,12.0,Neutro ou Insatisfeito
1,0,53,1,0,950,1,5,0,4,2,5,4,1,1,0,1,4,1,3,0,0.0,Neutro ou Insatisfeito
1,0,49,1,0,197,2,3,2,4,4,4,3,3,3,2,2,3,3,1,3,0.0,Neutro ou Insatisfeito
0,0,54,1,1,789,1,4,1,3,1,1,1,1,4,3,5,5,5,1,0,0.0,Neutro ou Insatisfeito
1,0,70,1,0,541,3,4,3,4,4,5,4,5,5,3,3,5,5,5,0,0.0,Neutro ou Insatisfeito
1,1,25,0,0,782,2,2,2,4,1,2,1,1,3,4,4,4,3,1,9,19.0,Neutro ou Insatisfeito
0,0,7,1,0,563,2,4,2,2,2,2,2,2,5,3,5,5,4,2,0,0.0,Neutro ou Insatisfeito
0,0,39,0,0,109,3,3,3,3,3,3,3,3,3,2,3,3,3,3,0,5.0,Neutro ou Insatisfeito
0,0,79,0,0,414,2,1,1,1,2,2,2,2,1,2,3,1,3,2,1,0.0,Neutro ou Insatisfeito
1,1,28,0,2,502,4,4,4,3,5,4,5,5,4,3,5,3,5,5,0,0.0,Neutro ou Insatisfeito
1,1,27,0,1,1192,1,1,1,4,1,1,1,1,1,4,4,4,4,1,0,32.0,Neutro ou Insatisfeito
1,0,21,1,0,401,3,2,5,3,5,5,5,5,3,2,3,4,3,5,71,117.0,Neutro ou Insatisfeito
0,0,53,0,0,1095,3,5,5,5,3,3,3,3,1,1,3,3,4,3,0,0.0,Neutro ou Insatisfeito
1,0,42,0,2,1609,2,4,1,4,2,2,3,2,2,2,2,2,2,1,12,0.0,Neutro ou Insatisfeito
1,1,48,0,0,1310,1,1,1,4,1,1,1,1,2,5,4,2,4,1,52,27.0,Neutro ou Insatisfeito
0,0,24,1,0,125,2,4,0,4,2,0,3,2,2,2,4,1,3,2,47,94.0,Neutro ou Insatisfeito
0,0,56,1,0,429,2,1,2,3,3,2,3,3,1,4,3,3,2,3,35,29.0,Neutro ou Insatisfeito
1,1,24,0,0,1455,2,2,2,3,2,4,4,2,4,4,1,4,3,4,0,0.0,Neutro ou Insatisfeito
1,0,17,1,0,1892,1,1,1,2,1,1,2,1,2,4,2,2,3,1,0,0.0,Neutro ou Insatisfeito
0,0,31,0,1,789,2,4,4,4,2,1,2,2,1,4,4,3,4,2,0,0.0,Neutro ou Insatisfeito
0,0,60,0,0,283,3,4,4,4,3,3,3,3,2,2,4,2,4,3,20,16.0,Neutro ou Insatisfeito
0,1,29,0,2,1099,1,1,1,2,3,1,5,3,1,4,2,1,2,3,51,51.0,Neutro ou Insatisfeito
1,0,26,1,0,271,3,0,3,5,5,3,5,5,4,3,5,5,4,5,100,93.0,Neutro ou Insatisfeito
1,1,24,0,0,920,4,4,4,4,3,4,3,3,4,3,4,4,3,3,0,0.0,Neutro ou Insatisfeito
0,1,34,0,2,414,3,3,3,1,1,3,1,1,5,4,5,4,5,1,2,0.0,Neutro ou Insatisfeito
0,1,21,0,0,1773,3,3,3,4,4,3,4,4,3,5,4,3,5,4,0,0.0,Neutro ou Insatisfeito
0,0,61,1,0,802,1,3,1,3,4,1,4,4,1,2,3,2,4,4,0,0.0,Neutro ou Insatisfeito
1,0,32,0,2,192,3,2,2,2,3,3,3,3,4,5,3,4,3,3,0,0.0,Neutro ou Insatisfeito
1,0,22,1,1,937,2,5,3,2,1,3,1,1,1,4,4,4,3,1,0,0.0,Neutro ou Insatisfeito
0,0,46,0,2,1050,1,0,0,4,2,4,3,4,4,0,4,3,4,2,0,0.0,Neutro ou Insatisfeito
1,1,15,0,0,370,3,2,2,4,4,2,3,4,3,3,3,1,4,4,3,8.0,Neutro ou Insatisfeito
1,0,29,1,0,413,3,1,3,4,1,3,1,1,1,3,4,3,4,1,7,14.0,Neutro ou Insatisfeito
1,0,12,1,0,372,4,5,4,4,5,4,5,5,4,5,4,3,5,5,89,88.0,Neutro ou Insatisfeito
0,1,50,0,2,641,2,2,2,3,1,2,1,1,3,2,5,4,5,1,7,17.0,Neutro ou Insatisfeito
0,0,54,0,0,528,2,3,1,3,2,2,2,2,1,4,3,2,2,2,0,0.0,Neutro ou Insatisfeito
0,0,69,1,0,989,1,4,1,1,5,1,5,5,3,2,4,4,5,5,6,3.0,Neutro ou Insatisfeito
0,0,38,1,0,920,1,2,1,3,3,1,3,3,2,4,4,2,4,3,0,0.0,Neutro ou Insatisfeito
1,1,25,0,1,853,1,1,1,4,4,1,4,4,3,2,4,3,3,4,0,0.0,Neutro ou Insatisfeito
0,0,26,0,0,352,3,5,5,5,3,3,1,3,4,3,4,2,4,3,108,99.0,Neutro ou Insatisfeito
0,1,19,0,0,461,3,3,3,4,3,5,4,4,5,4,4,4,4,4,141,121.0,Neutro ou Insatisfeito
0,0,63,1,0,622,3,5,3,2,3,3,3,3,4,2,5,5,5,3,10,11.0,Neutro ou Insatisfeito
0,1,18,0,0,533,3,5,3,4,2,3,3,2,5,4,5,5,4,2,0,0.0,Neutro ou Insatisfeito
0,0,52,1,0,125,3,5,3,2,3,3,2,3,3,5,2,1,3,3,0,0.0,Neutro ou Insatisfeito
0,0,60,0,1,1464,3,2,2,2,3,3,3,3,4,3,4,4,4,3,0,3.0,Neutro ou Insatisfeito
1,1,15,0,0,986,2,2,2,5,1,2,1,1,5,5,5,5,4,1,0,6.0,Neutro ou Insatisfeito
1,0,49,0,0,1750,1,5,5,5,1,1,1,4,2,2,4,1,2,1,132,117.0,Neutro ou Insatisfeito
1,0,25,0,2,1874,2,3,1,1,2,2,2,2,2,2,4,4,5,2,0,0.0,Neutro ou Insatisfeito
1,0,31,1,0,261,3,4,3,4,3,3,3,3,1,5,4,2,4,3,87,75.0,Neutro ou Insatisfeito
1,0,32,1,0,557,3,4,3,3,3,3,3,3,5,3,4,4,5,3,81,63.0,Neutro ou Insatisfeito
1,1,25,0,0,196,2,4,2,4,5,2,5,5,5,4,5,5,1,5,0,5.0,Neutro ou Insatisfeito
1,0,70,1,0,409,3,5,3,3,2,4,5,5,5,3,1,3,5,3,0,14.0,Neutro ou Insatisfeito
1,0,55,0,0,907,2,3,3,3,4,4,3,2,2,2,2,1,2,3,19,11.0,Neutro ou Insatisfeito
0,0,53,1,0,262,1,5,1,1,5,1,5,5,3,1,1,3,1,5,70,55.0,Neutro ou Insatisfeito
0,0,73,0,2,2141,1,1,1,1,3,4,3,2,2,2,1,3,2,4,0,0.0,Neutro ou Insatisfeito
0,0,30,1,1,237,1,1,1,2,4,1,5,4,1,4,3,4,3,4,0,0.0,Neutro ou Insatisfeito
0,0,19,1,0,308,1,4,4,3,5,4,5,5,4,5,5,3,4,5,91,92.0,Neutro ou Insatisfeito
1,0,13,1,0,501,3,4,3,4,2,3,2,2,4,3,5,4,4,2,0,0.0,Neutro ou Insatisfeito
1,1,31,0,0,1118,1,1,1,4,2,1,2,2,3,5,4,4,4,2,0,20.0,Neutro ou Insatisfeito
0,0,29,1,0,1085,4,4,3,5,2,3,2,2,4,5,4,3,5,2,8,11.0,Neutro ou Insatisfeito
0,1,45,0,0,926,3,3,3,4,5,3,2,5,3,2,3,4,4,5,26,44.0,Neutro ou Insatisfeito
1,0,65,1,0,192,1,2,1,3,5,4,3,2,2,1,2,2,2,3,0,0.0,Neutro ou Insatisfeito
1,0,48,0,2,235,2,5,5,5,2,4,3,2,2,2,2,3,2,4,0,0.0,Neutro ou Insatisfeito
1,0,8,1,0,733,4,2,4,2,3,4,3,3,1,1,1,4,2,3,0,0.0,Neutro ou Insatisfeito
0,0,36,1,0,814,1,0,1,2,5,1,5,5,4,5,5,1,5,5,32,12.0,Neutro ou Insatisfeito
1,0,10,1,0,2338,3,4,3,3,5,3,5,5,3,2,4,5,5,5,1,0.0,Neutro ou Insatisfeito
0,1,43,0,0,1052,3,4,4,3,4,4,4,4,3,3,2,3,1,4,0,0.0,Neutro ou Insatisfeito
1,1,24,0,0,577,3,3,3,3,2,3,2,2,2,3,3,4,2,2,0,0.0,Neutro ou Insatisfeito
1,0,8,1,0,237,1,5,1,1,2,1,3,2,5,2,4,3,4,2,0,0.0,Neutro ou Insatisfeito
1,0,67,1,1,2475,4,4,4,4,3,3,4,5,5,4,5,4,5,4,0,0.0,Neutro ou Insatisfeito
1,0,59,0,2,956,2,1,1,1,5,3,3,2,2,2,2,4,2,1,1,13.0,Neutro ou Insatisfeito
0,0,12,1,1,1892,4,1,4,2,5,4,5,5,2,3,2,1,2,5,28,45.0,Neutro ou Insatisfeito
0,0,39,1,0,163,3,5,3,1,1,3,1,1,4,2,5,3,4,1,0,0.0,Neutro ou Insatisfeito
1,0,68,1,0,1117,3,2,3,3,3,3,3,5,5,3,5,2,5,4,7,0.0,Neutro ou Insatisfeito
0,0,18,1,0,1342,3,4,4,2,3,4,3,3,4,3,3,5,5,3,0,0.0,Neutro ou Insatisfeito
0,0,15,1,0,304,3,5,3,2,2,3,1,2,3,5,4,5,4,2,0,0.0,Neutro ou Insatisfeito
0,0,49,1,0,216,3,4,0,3,3,0,3,3,4,5,3,4,4,3,0,0.0,Neutro ou Insatisfeito
0,0,25,1,0,489,3,3,3,2,3,3,5,3,4,1,5,2,4,3,8,14.0,Neutro ou Insatisfeito
1,0,50,1,0,370,2,1,2,3,1,4,3,4,4,2,4,1,4,3,0,0.0,Neutro ou Insatisfeito
0,0,17,1,2,200,3,1,3,4,2,3,2,2,4,1,3,4,3,2,40,27.0,Neutro ou Insatisfeito
1,0,30,0,2,2657,4,5,4,5,1,1,4,1,3,1,4,3,3,1,8,7.0,Neutro ou Insatisfeito
0,0,29,1,0,861,1,1,1,4,4,1,4,4,4,2,4,2,4,4,0,0.0,Neutro ou Insatisfeito
0,0,74,0,0,134,2,5,5,5,2,2,2,2,4,2,3,2,2,2,43,41.0,Neutro ou Insatisfeito
0,0,60,0,2,1276,3,1,1,1,5,3,4,3,3,3,3,2,3,2,10,0.0,Neutro ou Insatisfeito
1,0,46,0,2,3185,2,5,5,5,5,3,3,2,2,2,2,1,2,1,0,0.0,Neutro ou Insatisfeito
0,0,59,1,2,1605,2,5,2,5,2,3,5,2,2,2,2,3,2,4,41,19.0,Neutro ou Insatisfeito
1,0,36,0,0,455,3,1,1,1,3,3,3,3,4,4,3,4,3,3,0,0.0,Neutro ou Insatisfeito
0,0,16,1,0,308,3,4,3,3,1,3,5,1,4,2,5,5,4,1,2,0.0,Neutro ou Insatisfeito
1,1,38,0,0,414,3,0,3,4,3,3,3,3,1,4,5,1,1,3,17,2.0,Neutro ou Insatisfeito
1,0,55,1,1,814,3,2,3,4,2,3,3,3,3,3,3,2,3,1,25,19.0,Neutro ou Insatisfeito
1,0,40,1,0,1514,2,3,2,5,1,2,1,1,2,5,2,5,3,1,0,0.0,Neutro ou Insatisfeito
1,0,21,1,0,632,1,5,1,4,2,1,4,2,4,2,5,4,5,2,9,0.0,Neutro ou Insatisfeito
1,1,38,0,2,213,3,4,4,4,1,4,1,1,2,3,3,1,4,1,0,0.0,Neutro ou Insatisfeito
1,0,10,1,0,852,2,5,2,2,4,2,4,4,4,5,5,4,4,4,1,1.0,Neutro ou Insatisfeito
1,1,45,0,0,1013,3,3,3,4,4,3,4,4,1,3,2,4,4,4,0,0.0,Neutro ou Insatisfeito
0,1,54,0,0,575,1,0,1,1,2,1,2,2,3,3,2,4,4,2,0,8.0,Neutro ou Insatisfeito
1,0,46,1,1,399,2,4,3,2,4,4,5,4,4,3,4,4,4,3,0,0.0,Neutro ou Insatisfeito
0,0,36,1,1,1744,2,1,2,4,1,2,1,1,3,1,2,4,4,1,0,0.0,Neutro ou Insatisfeito
1,0,13,1,0,366,4,4,4,5,5,4,5,5,4,4,4,3,4,5,63,47.0,Neutro ou Insatisfeito
0,0,38,1,1,368,4,3,3,3,2,3,2,2,1,3,4,4,3,2,0,0.0,Neutro ou Insatisfeito
0,0,63,1,0,695,2,1,2,3,2,2,2,2,1,3,4,1,3,2,7,32.0,Neutro ou Insatisfeito
1,0,62,1,0,163,3,2,3,4,2,3,3,3,3,3,1,1,3,2,0,0.0,Neutro ou Insatisfeito
1,0,50,0,0,125,4,3,1,3,2,4,3,3,3,4,3,1,3,4,0,0.0,Neutro ou Insatisfeito
1,0,15,1,0,667,2,5,3,4,5,3,4,5,4,3,5,3,4,5,35,35.0,Neutro ou Insatisfeito
0,0,34,0,2,334,3,4,4,4,1,4,3,3,3,3,3,4,3,2,0,0.0,Neutro ou Insatisfeito
1,0,36,0,2,2046,4,1,1,1,2,3,4,4,4,3,4,1,4,2,0,62.0,Neutro ou Insatisfeito
1,1,26,0,0,643,1,1,1,3,1,1,2,1,4,5,3,4,3,1,0,0.0,Neutro ou Insatisfeito
1,1,49,0,2,1440,2,2,2,4,5,2,5,5,5,5,4,3,5,5,15,3.0,Neutro ou Insatisfeito
0,0,54,1,1,594,1,3,2,2,4,2,4,4,5,4,2,4,4,4,0,0.0,Neutro ou Insatisfeito
0,0,10,1,0,867,4,4,4,1,4,4,4,4,4,4,4,3,5,4,0,0.0,Neutro ou Insatisfeito
1,0,15,1,0,862,1,5,1,4,4,1,4,4,4,3,4,5,5,4,0,1.0,Neutro ou Insatisfeito
1,1,20,0,0,257,3,1,3,3,3,3,3,3,4,2,3,2,4,3,6,0.0,Neutro ou Insatisfeito
0,0,60,1,0,812,1,2,1,2,2,1,2,2,4,5,1,3,2,2,38,22.0,Neutro ou Insatisfeito
1,1,23,0,0,842,1,1,1,1,1,1,5,1,5,5,4,4,5,1,0,0.0,Neutro ou Insatisfeito
1,0,30,1,0,861,4,1,3,2,4,3,4,4,3,5,2,4,3,4,26,14.0,Neutro ou Insatisfeito
0,0,51,1,2,1747,2,4,3,3,1,3,4,5,5,3,2,1,5,3,10,0.0,Neutro ou Insatisfeito
1,0,58,0,0,302,2,1,1,1,5,2,3,2,2,2,2,4,2,3,17,3.0,Neutro ou Insatisfeito
